code,name,name_fa,icao,logo
0D,Darwin Airline,,DWT,storage/images/airlines/DWT.png
0J,Jetclub,,JCS,storage/images/airlines/JCS.png
1A,Amadeus Global Travel Distribution,,AGT,storage/images/airlines/AGT.png
2F,TWO TAXI AEREO,,FTA,storage/images/airlines/FTA.png
2G,Angara Airlines,,MRR,storage/images/airlines/MRR.png
2J,Air Burkina,,VBW,storage/images/airlines/VBW.png
2K,Aerolineas Galapagos,,GLG,storage/images/airlines/GLG.png
2L,Helvetic Airways,,OAW,storage/images/airlines/OAW.png
2M,Moldavian Airlines,,MDV,storage/images/airlines/MDV.png
2N,NextJet,,NTJ,storage/images/airlines/NTJ.png
2P,Airphill Express,,GAP,storage/images/airlines/GAP.png
2Q,Air Cargo Carriers,,SNC,storage/images/airlines/SNC.png
2W,Welcome Air,,WLC,storage/images/airlines/WLC.png
2Z,Chang'an Airlines,,CGN,storage/images/airlines/CGN.png
3K,Jetstar Asia Airways,,JSA,storage/images/airlines/JSA.png
3L,Air Arabia Abu Dhabi,,ISK,storage/images/airlines/ISK.png
3N,Air Urga,,URG,storage/images/airlines/URG.png
3P,Tiara Air,,TNM,storage/images/airlines/TNM.png
3R,Avior Regional,,GAI,storage/images/airlines/GAI.png
3T,Tarco Air,,URN,storage/images/airlines/URN.png
3U,Sichuan Airlines,,CSC,storage/images/airlines/CSC.png
4A,Aero Transporte,,AKL,storage/images/airlines/AKL.png
4B,Boutique Air,,BTQ,storage/images/airlines/BTQ.png
4C,Latam Airlines Colombia,,ARE,storage/images/airlines/ARE.png
4D,Air Sinai,,ASD,storage/images/airlines/ASD.png
4G,Gazpromavia,,GZP,storage/images/airlines/GZP.png
4H,HiSky,,UBD,storage/images/airlines/UBD.png
4K,Kenn Borek Air,,AAS,storage/images/airlines/AAS.png
4M,Mavi Gok,,DSM,storage/images/airlines/DSM.png
4N,Air North Charter - Canada,,ANT,storage/images/airlines/ANT.png
4T,Belair Airlines,,BHP,storage/images/airlines/BHP.png
4U,Germanwings,,GWI,storage/images/airlines/GWI.png
4Y,EW Discover,,RBU,storage/images/airlines/RBU.png
5A,Alpine Air Express,,AIP,storage/images/airlines/AIP.png
5C,Nature Air,,ICL,storage/images/airlines/ICL.png
5D,Aerolitoral,,UDC,storage/images/airlines/UDC.png
5G,Aerocuahonte,,SSV,storage/images/airlines/SSV.png
5H,Fly540,,FFV,storage/images/airlines/FFV.png
5J,Cebu Pacific,,CEB,storage/images/airlines/CEB.png
5L,Fly Salone,,RSU,storage/images/airlines/RSU.png
5M,Montserrat Airways,,SIB,storage/images/airlines/SIB.png
5N,Nordavia,,AUL,storage/images/airlines/AUL.png
5T,Canadian North,,MPE,storage/images/airlines/MPE.png
5W,Wizz Air Abu Dhabi,,AEU,storage/images/airlines/AEU.png
5X,United Parcel Service,,UPS,storage/images/airlines/UPS.png
5Y,Atlas Air,,GTI,storage/images/airlines/GTI.png
5Z,Cemair,,VVC,storage/images/airlines/VVC.png
6A,Armenia Airways,,CHP,storage/images/airlines/CHP.png
6B,TUIfly Nordic,,BLX,storage/images/airlines/BLX.png
6E,IndiGo Airlines,,IGO,storage/images/airlines/IGO.png
6H,Israir,,ISR,storage/images/airlines/ISR.png
6J,Solaseed Air,,SNJ,storage/images/airlines/SNJ.png
6K,Kyrgyz Trans Avia,,RIT,storage/images/airlines/RIT.png
6N,Niger Airlines,,NRD,storage/images/airlines/NRD.png
6Q,Cham Wings Airlines,,SLL,storage/images/airlines/SLL.png
6R,Mirny Air,,DRU,storage/images/airlines/DRU.png
6W,Saratov Airlines Joint Stock Company,,SOV,storage/images/airlines/SOV.png
7C,Jeju Air,,JJA,storage/images/airlines/JJA.png
7E,Sylt Air GmbH,,AWU,storage/images/airlines/AWU.png
7F,First Air,,FAB,storage/images/airlines/FAB.png
7G,Star Flyer,,SFJ,storage/images/airlines/SFJ.png
7K,Kogalymavia Air Company,,KGL,storage/images/airlines/KGL.png
7L,Aerocaribbean,,ERO,storage/images/airlines/ERO.png
7N,Pan American World,,CNA,storage/images/airlines/CNA.png
7R,Rusline,,SJM,storage/images/airlines/SJM.png
8C,Air Transport International,,CXI,storage/images/airlines/CXI.png
8E,Bering Air,,BRG,storage/images/airlines/BRG.png
8F,Stp Airways,,STP,storage/images/airlines/STP.png
8H,BH Air,,HFR,storage/images/airlines/HFR.png
8L,Lucky Air,,RHC,storage/images/airlines/RHC.png
8M,Myanmar Airways International,,MMM,storage/images/airlines/MMM.png
8P,Pacific Coastal Airlines,,PCO,storage/images/airlines/PCO.png
8U,Afriqiyah Airways,,AAW,storage/images/airlines/AAW.png
8V,Wright Air Service,,WRF,storage/images/airlines/WRF.png
8W,Fly Always,,PWF,storage/images/airlines/PWF.png
8Y,Air Burundi,,CYZ,storage/images/airlines/CYZ.png
8Z,Wizz Air Bulgaria,,WVL,storage/images/airlines/WVL.png
9E,Endeavor Air,,FLG,storage/images/airlines/FLG.png
9F,Eurostar,,TLM,storage/images/airlines/TLM.png
9K,Cape Air,,KAP,storage/images/airlines/KAP.png
9Q,Caicos Express Airways,,PBA,storage/images/airlines/PBA.png
9R,Phuket Air,,NSE,storage/images/airlines/NSE.png
9T,Transwest Air,,ABS,storage/images/airlines/ABS.png
9U,Air Moldova,,MLD,storage/images/airlines/MLD.png
9W,Jet Airways,,JAI,storage/images/airlines/JAI.png
A3,Aegean Airlines,,AEE,storage/images/airlines/AEE.png
A5,Hop,,RLA,storage/images/airlines/RLA.png
A8,Benin Golf Air,,BGL,storage/images/airlines/BGL.png
A9,Georgian Airways,,TGZ,storage/images/airlines/TGZ.png
AA,American Airlines,,AAL,storage/images/airlines/AAL.png
AB,Air Berlin,,BER,storage/images/airlines/BER.png
AC,Air Canada,,ACA,storage/images/airlines/ACA.png
AD,Azul Linhas Aéreas Brasileiras,,AZU,storage/images/airlines/AZU.png
AE,Mandarin Airlines,,MDA,storage/images/airlines/MDA.png
AF,Air France,,AFR,storage/images/airlines/AFR.png
AH,Air Algérie,,DAH,storage/images/airlines/DAH.png
AI,Air India Limited,,AIC,storage/images/airlines/AIC.png
AJ,Aero Contractors,,NIG,storage/images/airlines/NIG.png
AK,AirAsia,,AXM,storage/images/airlines/AXM.png
AL,Air Leisure,,TXC,storage/images/airlines/TXC.png
AM,Aeromexico,,AMX,storage/images/airlines/AMX.png
AN,Advanced Air,,AAA,storage/images/airlines/AAA.png
AP,AlbaStar,,ADH,storage/images/airlines/ADH.png
AQ,9 Air,,AAH,storage/images/airlines/AAH.png
AR,Aerolíneas Argentinas,,ARG,storage/images/airlines/ARG.png
AS,Alaska Airlines,,ASA,storage/images/airlines/ASA.png
AT,Royal Air Maroc,,RAM,storage/images/airlines/RAM.png
AU,Canada Jetlines,,AUT,storage/images/airlines/AUT.png
AV,Avianca,,AVA,storage/images/airlines/AVA.png
AW,Africa World Airlines,,AWM,storage/images/airlines/AWM.png
AX,Trans States Airlines,,LOF,storage/images/airlines/LOF.png
AY,Finnair,,FIN,storage/images/airlines/FIN.png
AZ,ITA Airways,,AZA,storage/images/airlines/AZA.png
B2,Belavia Belarusian,,BRU,storage/images/airlines/BRU.png
B3,Bellview Airlines,,BLV,storage/images/airlines/BLV.png
B4,Zanair,,GSM,storage/images/airlines/GSM.png
B6,JetBlue Airways,,JBU,storage/images/airlines/JBU.png
B7,Uni Airways,,UIA,storage/images/airlines/UIA.png
B8,Eritrean Airlines,,ERT,storage/images/airlines/ERT.png
B9,Iran Air Tour,هواپیمایی ایران ایر تور,IRB,storage/images/airlines/IRB.png
BA,British Airways,,BAW,storage/images/airlines/BAW.png
BB,Seaborne Airlines,,SBS,storage/images/airlines/SBS.png
BC,Skymark Airlines,,SKY,storage/images/airlines/SKY.png
BD,BMI,,BMA,storage/images/airlines/BMA.png
BE,Flybe,,BEE,storage/images/airlines/BEE.png
BF,French Bee,,BBD,storage/images/airlines/BBD.png
BG,Biman Bangladesh Airlines,,BBC,storage/images/airlines/BBC.png
BI,Royal Brunei Airlines,,RBA,storage/images/airlines/RBA.png
BJ,Nouvel Air Tunisie,,LBT,storage/images/airlines/LBT.png
BL,Pacific Airlines,,PIC,storage/images/airlines/PIC.png
BP,Air Botswana,,BOT,storage/images/airlines/BOT.png
BQ,Bukovyna Airlines,,BQB,storage/images/airlines/BQB.png
BR,EVA Air,,EVA,storage/images/airlines/EVA.png
BT,Air Baltic,,BTI,storage/images/airlines/BTI.png
BV,Blue Panorama Airlines,,BPA,storage/images/airlines/BPA.png
BW,Caribbean Airlines,,BWA,storage/images/airlines/BWA.png
BX,Air Busan,,ABL,storage/images/airlines/ABL.png
BY,TUI Airways,,TOM,storage/images/airlines/TOM.png
C2,Ceiba Intercontinental,,CAP,storage/images/airlines/CAP.png
C5,CommutAir,,UCA,storage/images/airlines/UCA.png
C6,CanJet,,CJA,storage/images/airlines/CJA.png
C9,Cirrus Airlines,,RUS,storage/images/airlines/RUS.png
CA,Air China,,CCA,storage/images/airlines/CCA.png
CB,Kalitta Charters II,,CCC,storage/images/airlines/CCC.png
CC,CM Airlines,,MCK,storage/images/airlines/MCK.png
CE,Nationwide Airlines,,NTW,storage/images/airlines/NTW.png
CF,City Airline,,SDR,storage/images/airlines/SDR.png
CG,Airlines PNG,,TOK,storage/images/airlines/TOK.png
CH,Bemidji Airlines,,BMJ,storage/images/airlines/BMJ.png
CI,China Airlines,,CAL,storage/images/airlines/CAL.png
CJ,CityFlyer,,CFE,storage/images/airlines/CFE.png
CK,China Cargo Airlines,,CKK,storage/images/airlines/CKK.png
CL,Lufthansa CityLine,,CLH,storage/images/airlines/CLH.png
CM,Copa Airlines,,CMP,storage/images/airlines/CMP.png
CP,Compass Airlines,,CPZ,storage/images/airlines/CPZ.png
CPN,Caspian,هواپیمایی کاسپین,CPN,storage/images/airlines/CPN.png
CS,Continental Micronesia,,CMI,storage/images/airlines/CMI.png
CU,Cubana de Aviación,,CUB,storage/images/airlines/CUB.png
CV,Cargolux,,CLX,storage/images/airlines/CLX.png
CX,Cathay Pacific,,CPA,storage/images/airlines/CPA.png
CY,Cyprus Airways,,CYP,storage/images/airlines/CYP.png
CZ,China Southern Airlines,,CSN,storage/images/airlines/CSN.png
D3,Daallo Airlines,,DAO,storage/images/airlines/DAO.png
D4,Alidaunia,,LID,storage/images/airlines/LID.png
D6,Interair South Africa,,ILN,storage/images/airlines/ILN.png
D7,AirAsia X,,XAX,storage/images/airlines/XAX.png
D9,Donavia,,DNV,storage/images/airlines/DNV.png
DB,Brit Air,,BZH,storage/images/airlines/BZH.png
DC,Golden Air,,GAO,storage/images/airlines/GAO.png
DD,Nok Air,,NOK,storage/images/airlines/NOK.png
DE,Condor Flugdienst,,CFG,storage/images/airlines/CFG.png
DG,Cebgo,,SRQ,storage/images/airlines/SRQ.png
DK,Eastland Air,,ELA,storage/images/airlines/ELA.png
DL,Delta Air Lines,,DAL,storage/images/airlines/DAL.png
DP,Pobeda,,FCA,storage/images/airlines/FCA.png
DR,Ruili Airlines,,BIE,storage/images/airlines/BIE.png
DT,TAAG Angola Airlines,,DTA,storage/images/airlines/DTA.png
DU,Air Liaison,,NLH,storage/images/airlines/NLH.png
DV,JSC Aircompany SCAT,,VSV,storage/images/airlines/VSV.png
DX,DAT Danish Air Transport,,DTR,storage/images/airlines/DTR.png
DY,Norwegian Air Shuttle,,NAX,storage/images/airlines/NAX.png
E0,Eos Airlines,,ESS,storage/images/airlines/ESS.png
E5,Samara Airlines,,RBG,storage/images/airlines/RBG.png
E7,Equaflight Service,,EAF,storage/images/airlines/EAF.png
E8,Alpi Eagles,,GTA,storage/images/airlines/GTA.png
EA,East Horizon Airlines,,EAL,storage/images/airlines/EAL.png
EC,Avialeasing Aviation Company,,TWN,storage/images/airlines/TWN.png
ED,Airblue,,ABQ,storage/images/airlines/ABQ.png
EF,Far Eastern Air Transport,,EFA,storage/images/airlines/EFA.png
EG,Ernest Airlines,,JAA,storage/images/airlines/JAA.png
EI,Aer Lingus,,EIN,storage/images/airlines/EIN.png
EJ,New England Airlines,,NEA,storage/images/airlines/NEA.png
EK,Emirates Airline,,UAE,storage/images/airlines/UAE.png
EL,Ellin Air,,ANK,storage/images/airlines/ANK.png
EM,Empire Airlines,,CFS,storage/images/airlines/CFS.png
EN,Air Dolomiti,,DLA,storage/images/airlines/DLA.png
EO,Pegas Fly,,ALX,storage/images/airlines/ALX.png
EP,Iran Aseman,هواپیمایی آسمان,IRC,storage/images/airlines/IRC.png
EQ,TAME,,TAE,storage/images/airlines/TAE.png
ET,Ethiopian Airlines,,ETH,storage/images/airlines/ETH.png
EV,Aha,,ASQ,storage/images/airlines/ASQ.png
EW,Eurowings,,EWG,storage/images/airlines/EWG.png
EY,Etihad Airways,,ETD,storage/images/airlines/ETD.png
EZ,Sun Air of Scandinavia,,SUS,storage/images/airlines/SUS.png
F7,Flybaboo,,BBO,storage/images/airlines/BBO.png
F9,Frontier Airlines,,FFT,storage/images/airlines/FFT.png
FB,Bulgaria Air,,LZB,storage/images/airlines/LZB.png
FD,Thai AirAsia,,AIQ,storage/images/airlines/AIQ.png
FE,Primaris Airlines,,WCP,storage/images/airlines/WCP.png
FF,Airshop,,FRF,storage/images/airlines/FRF.png
FG,Ariana Afghan Airlines,,AFG,storage/images/airlines/AFG.png
FI,Icelandair,,ICE,storage/images/airlines/ICE.png
FJ,Air Pacific,,FJI,storage/images/airlines/FJI.png
FK,Africa West,,WTA,storage/images/airlines/WTA.png
FL,AirTran Airways,,TRS,storage/images/airlines/TRS.png
FM,Shanghai Airlines,,CSH,storage/images/airlines/CSH.png
FO,Flybondi,,ATM,storage/images/airlines/ATM.png
FP,Fly Pelican,,FRE,storage/images/airlines/FRE.png
FR,Ryanair,,RYR,storage/images/airlines/RYR.png
FU,Fuzhou Airlines,,FXX,storage/images/airlines/FXX.png
FV,Rossiya,,SDM,storage/images/airlines/SDM.png
FW,Ibex Airlines,,IBX,storage/images/airlines/IBX.png
FX,Federal Express,,FOX,storage/images/airlines/FOX.png
FZ,Fly Dubai,,FDB,storage/images/airlines/FDB.png
G3,Gol Linhas Aereas,,SEH,storage/images/airlines/SEH.png
G4,Allegiant Air,,AAY,storage/images/airlines/AAY.png
G7,GoJet Airlines,,GJS,storage/images/airlines/GJS.png
G9,Air Arabia,,ABY,storage/images/airlines/ABY.png
GA,Garuda Indonesia,,GIA,storage/images/airlines/GIA.png
GB,Airborne Express,,BZE,storage/images/airlines/BZE.png
GE,TransAsia Airways,,TNA,storage/images/airlines/TNA.png
GF,Gulf Air,,GBA,storage/images/airlines/GBA.png
GH,Ghana Airways,,GLP,storage/images/airlines/GLP.png
GI,Itek Air,,IKA,storage/images/airlines/IKA.png
GL,Air Greenland,,BSK,storage/images/airlines/BSK.png
GM,Air Slovakia,,GER,storage/images/airlines/GER.png
GO,Kuzu Airlines Cargo,,KZU,storage/images/airlines/KZU.png
GQ,Sky Express,,BSY,storage/images/airlines/BSY.png
GS,Tianjin Airlines,,GUN,storage/images/airlines/GUN.png
GT,GB Airways,,GBL,storage/images/airlines/GBL.png
GW,Costa Rica Green Airways,,KIL,storage/images/airlines/KIL.png
GZ,Air Rarotonga,,RAR,storage/images/airlines/RAR.png
H2,Sky Airline,,SKU,storage/images/airlines/SKU.png
H5,Haiti Aviation,,RSY,storage/images/airlines/RSY.png
H6,Bulgarian Air Charter,,HAG,storage/images/airlines/HAG.png
HA,Hawaiian Airlines,,HAL,storage/images/airlines/HAL.png
HC,Air Senegal,,HYM,storage/images/airlines/HYM.png
HD,AIRDO,,ADO,storage/images/airlines/ADO.png
HE,Luftfahrtgesellschaft Walter,,LGW,storage/images/airlines/LGW.png
HF,Hapagfly,,HLF,storage/images/airlines/HLF.png
HG,Niki,,NLY,storage/images/airlines/NLY.png
HH,Taban,هواپیمایی تابان,TBN,storage/images/airlines/TBN.png
HM,Air Seychelles,,SEY,storage/images/airlines/SEY.png
HN,Heavylift Cargo Airlines,,HNX,storage/images/airlines/HNX.png
HO,Juneyao Airlines,,DKH,storage/images/airlines/DKH.png
HR,Hahn Air,,HHN,storage/images/airlines/HHN.png
HT,Aeromist-Kharkiv,,IMP,storage/images/airlines/IMP.png
HU,Hainan Airlines,,CHH,storage/images/airlines/CHH.png
HV,Transavia Holland,,TRA,storage/images/airlines/TRA.png
HW,Fly Erbil,,NWL,storage/images/airlines/NWL.png
HX,Hong Kong Airlines,,CRK,storage/images/airlines/CRK.png
HY,Uzbekistan Airways,,UZB,storage/images/airlines/UZB.png
I2,Iberia Express,,IBS,storage/images/airlines/IBS.png
IA,Iraqi Airways,,IAW,storage/images/airlines/IAW.png
IB,Iberia Airlines,,IBE,storage/images/airlines/IBE.png
IC,Indian Airlines,,IAC,storage/images/airlines/IAC.png
IE,Solomon Airlines,,SOL,storage/images/airlines/SOL.png
IG,Air Italy,,ISS,storage/images/airlines/ISS.png
IJ,Spring Airlines Japan,,SJO,storage/images/airlines/SJO.png
IK,Ikar,,LKN,storage/images/airlines/LKN.png
IM,Menajet,,MNJ,storage/images/airlines/MNJ.png
IR,Iran Air,هواپیمایی ایران ایر,IRA,storage/images/airlines/IRA.png
IRZ,Saha,هواپیمایی ساها,IRZ,storage/images/airlines/IRZ.png
IS,Sepehran Airlines,هواپیمایی سپهران,SHI,storage/images/airlines/SHI.png
IT,Tigerair Taiwan,,KFR,storage/images/airlines/KFR.png
IW,AOM French Airlines,,WON,storage/images/airlines/WON.png
IX,Air India Express,,AXB,storage/images/airlines/AXB.png
IY,Yemenia,,IYE,storage/images/airlines/IYE.png
IZ,Arkia Israel Airlines,,AIZ,storage/images/airlines/AIZ.png
J2,Azerbaijan Airlines,,AHY,storage/images/airlines/AHY.png
J3,Northwestern Air,,PLR,storage/images/airlines/PLR.png
J6,AVCOM,,AOC,storage/images/airlines/AOC.png
J8,Berjaya Air,,BVT,storage/images/airlines/BVT.png
J9,Jazeera Airways,,JZR,storage/images/airlines/JZR.png
JA,B&H Airlines,,BON,storage/images/airlines/BON.png
JB,Helijet,,JBA,storage/images/airlines/JBA.png
JC,JAL Express,,JEX,storage/images/airlines/JEX.png
JD,Beijing Airlines,,JAS,storage/images/airlines/JAS.png
JE,Mango,,MNO,storage/images/airlines/MNO.png
JI,Meraj Air,,MDW,storage/images/airlines/MDW.png
JJ,Latam Airlines Brasil,,TAM,storage/images/airlines/TAM.png
JK,Spanair,,JKK,storage/images/airlines/JKK.png
JL,Japan Airlines,,JAL,storage/images/airlines/JAL.png
JM,Air Jamaica,,AJM,storage/images/airlines/AJM.png
JP,Adria Airways,,ADR,storage/images/airlines/ADR.png
JQ,Jetstar Airways,,JST,storage/images/airlines/JST.png
JR,Aero California,,JOY,storage/images/airlines/JOY.png
JS,Air Koryo,,KOR,storage/images/airlines/KOR.png
JT,Lion Mentari Airlines,,LNI,storage/images/airlines/LNI.png
JU,Air Serbia,,ASL,storage/images/airlines/ASL.png
JV,Bearskin Lake Air Service,,BLS,storage/images/airlines/BLS.png
JZ,Jatayu Gelang Sejahtera,,SKX,storage/images/airlines/SKX.png
K2,Eurolot,,ELO,storage/images/airlines/ELO.png
K4,Kalitta Air,,CKS,storage/images/airlines/CKS.png
K5,SeaPort Airlines,,SQH,storage/images/airlines/SQH.png
KA,Dragonair,,HDA,storage/images/airlines/HDA.png
KB,Druk Air,,DRK,storage/images/airlines/DRK.png
KC,Air Astana,,KZR,storage/images/airlines/KZR.png
KE,Korean Air,,KAL,storage/images/airlines/KAL.png
KF,Blue1,,BLF,storage/images/airlines/BLF.png
KH,Aloha Air Cargo,,KHK,storage/images/airlines/KHK.png
KIS,Kish Air,هواپیمایی کیش,KIS,storage/images/airlines/KIS.png
KJ,Air Incheon,,LAJ,storage/images/airlines/LAJ.png
KK,Atlas Global,,KKK,storage/images/airlines/KKK.png
KL,KLM,,KLM,storage/images/airlines/KLM.png
KM,Air Malta,,AMC,storage/images/airlines/AMC.png
KO,Alaska Central Express,,AER,storage/images/airlines/AER.png
KQ,Kenya Airways,,KQA,storage/images/airlines/KQA.png
KS,Air Connect,,PEN,storage/images/airlines/PEN.png
KU,Kuwait Airways,,KAC,storage/images/airlines/KAC.png
KX,Cayman Airways,,CAY,storage/images/airlines/CAY.png
L2,Lynden Air Cargo,,LYC,storage/images/airlines/LYC.png
L5,Atlantique Air Assistance,,LTR,storage/images/airlines/LTR.png
L6,Tbilaviamsheni,,MAI,storage/images/airlines/MAI.png
LA,Latam Airlines Group,,LAN,storage/images/airlines/LAN.png
LC,Equatorial Congo Airline,,VLO,storage/images/airlines/VLO.png
LD,Air Hong Kong,,TUY,storage/images/airlines/TUY.png
LG,Luxair,,LGL,storage/images/airlines/LGL.png
LH,Lufthansa,,GEC,storage/images/airlines/GEC.png
LI,Leeward Islands Air Transport,,LIA,storage/images/airlines/LIA.png
LJ,Sierra National Airlines,,JNA,storage/images/airlines/JNA.png
LK,Kyrgyz Airlines,,LXR,storage/images/airlines/LXR.png
LN,Libyan Arab Airlines,,LAA,storage/images/airlines/LAA.png
LO,LOT Polish Airlines,,LOT,storage/images/airlines/LOT.png
LP,LAN Peru,,LPE,storage/images/airlines/LPE.png
LR,LACSA,,LRC,storage/images/airlines/LRC.png
LS,Jet2.com,,EXS,storage/images/airlines/EXS.png
LT,Air Lituanica,,LTU,storage/images/airlines/LTU.png
LU,Latam Airlines Chile,,LXP,storage/images/airlines/LXP.png
LV,Albanian Airlines,,LBC,storage/images/airlines/LBC.png
LX,Swiss International Air Lines,,SWR,storage/images/airlines/SWR.png
LY,El Al Israel Airlines,,ELY,storage/images/airlines/ELY.png
M0,Aero Mongolia,,MNG,storage/images/airlines/MNG.png
M3,North Flying,,NFA,storage/images/airlines/NFA.png
M5,Kenmore Air,,KEN,storage/images/airlines/KEN.png
M6,Amerijet International,,AJT,storage/images/airlines/AJT.png
M8,Mekong Airlines,,TNU,storage/images/airlines/TNU.png
M9,Motor Sich,,MSI,storage/images/airlines/MSI.png
MA,Malév Hungarian Airlines,,MAH,storage/images/airlines/MAH.png
MB,MNG Airlines,,MNB,storage/images/airlines/MNB.png
MC,Air Mobility Command,,RCH,storage/images/airlines/RCH.png
MD,Air Madagascar,,MDG,storage/images/airlines/MDG.png
ME,Middle East Airlines,,MEA,storage/images/airlines/MEA.png
MF,Xiamen Airlines,,CXA,storage/images/airlines/CXA.png
MH,Malaysia Airlines,,MAS,storage/images/airlines/MAS.png
MI,SilkAir,,SLK,storage/images/airlines/SLK.png
MJ,Myway Airlines,,LPR,storage/images/airlines/LPR.png
MK,Air Mauritius,,MAU,storage/images/airlines/MAU.png
ML,Air Mediterranee,,MAV,storage/images/airlines/MAV.png
MN,Kulula,,CAW,storage/images/airlines/CAW.png
MO,Calm Air,,CAV,storage/images/airlines/CAV.png
MP,Martinair,,MPH,storage/images/airlines/MPH.png
MQ,American Eagle Airlines,,EGF,storage/images/airlines/EGF.png
MR,Air Mauritanie,,OME,storage/images/airlines/OME.png
MS,Egyptair,,MSR,storage/images/airlines/MSR.png
MT,Thomas Cook Airlines,,TCX,storage/images/airlines/TCX.png
MU,China Eastern Airlines,,CES,storage/images/airlines/CES.png
MW,Mokulele Airlines,,MYD,storage/images/airlines/MYD.png
MX,Breeze Airways,,MXA,storage/images/airlines/MXA.png
MY,Maya Island Air,,MWA,storage/images/airlines/MWA.png
MZ,Amakusa Airlines,,MNA,storage/images/airlines/MNA.png
N2,Kabo Air,,QNK,storage/images/airlines/QNK.png
N3,Omskavia Airline,,OMS,storage/images/airlines/OMS.png
N8,National Airlines,,NCR,storage/images/airlines/NCR.png
NC,National Jet Systems,,NAC,storage/images/airlines/NAC.png
NE,SkyEurope,,ESK,storage/images/airlines/ESK.png
NF,Air Vanuatu,,AVN,storage/images/airlines/AVN.png
NG,Lauda Air,,LDA,storage/images/airlines/LDA.png
NH,All Nippon Airways,,ANA,storage/images/airlines/ANA.png
NI,Portugalia,,PGA,storage/images/airlines/PGA.png
NK,Spirit Airlines,,NKS,storage/images/airlines/NKS.png
NL,Shaheen Air International,,SAI,storage/images/airlines/SAI.png
NM,Air Madrid,,NZM,storage/images/airlines/NZM.png
NN,VIM Airlines,,MOV,storage/images/airlines/MOV.png
NP,Nile Air,,NIA,storage/images/airlines/NIA.png
NQ,Air Japan,,AJX,storage/images/airlines/AJX.png
NT,Binter Canarias,,IBB,storage/images/airlines/IBB.png
NU,Japan Transocean Air,,JTA,storage/images/airlines/JTA.png
NV,Karun Airline,,ALS,storage/images/airlines/ALS.png
NW,Northwest Airlines,,NWA,storage/images/airlines/NWA.png
NX,Air Macau,,AMU,storage/images/airlines/AMU.png
NY,Air Iceland,,FXI,storage/images/airlines/FXI.png
NZ,Air New Zealand,,ANZ,storage/images/airlines/ANZ.png
O6,Avianca Brazil,,ONE,storage/images/airlines/ONE.png
O7,Ozjet Airlines,,OZJ,storage/images/airlines/OZJ.png
O8,Oasis Hong Kong Airlines,,OHK,storage/images/airlines/OHK.png
OA,Olympic Air,,OAL,storage/images/airlines/OAL.png
OD,Malindo Airways,,MXD,storage/images/airlines/MXD.png
OH,PSA Airlines,,COM,storage/images/airlines/COM.png
OJ,Fly Jamaica Airways,,OLA,storage/images/airlines/OLA.png
OK,Czech Airlines,,CSA,storage/images/airlines/CSA.png
OM,MIAT Mongolian Airlines,,MGL,storage/images/airlines/MGL.png
ON,Our Airline,,RON,storage/images/airlines/RON.png
OO,SkyWest Airlines,,SKW,storage/images/airlines/SKW.png
OP,Chalk's International Airlines,,PPL,storage/images/airlines/PPL.png
OQ,Chongqing Airlines,,CQN,storage/images/airlines/CQN.png
OR,Arkefly,,TFL,storage/images/airlines/TFL.png
OS,Austrian Airlines,,AUA,storage/images/airlines/AUA.png
OT,Aeropelican Air Services,,PEL,storage/images/airlines/PEL.png
OU,Croatia Airlines,,CTN,storage/images/airlines/CTN.png
OV,Salam Air,,ELL,storage/images/airlines/ELL.png
OX,Orient Thai Airlines,,OEA,storage/images/airlines/OEA.png
OY,Andes Líneas Aéreas,,OAE,storage/images/airlines/OAE.png
P5,Wingo,,RPB,storage/images/airlines/RPB.png
PC,Pegasus Airlines,,PGT,storage/images/airlines/PGT.png
PD,Porter Airlines,,POE,storage/images/airlines/POE.png
PE,People's,,AEL,storage/images/airlines/AEL.png
PG,Bangkok Airways,,BKP,storage/images/airlines/BKP.png
PH,Polynesian Airlines,,PAO,storage/images/airlines/PAO.png
PJ,Air Saint Pierre,,SPM,storage/images/airlines/SPM.png
PK,Pakistan International Airlines,,PIA,storage/images/airlines/PIA.png
PL,Southern Air Charter,,ASE,storage/images/airlines/ASE.png
PM,Tropic Air,,TOS,storage/images/airlines/TOS.png
PN,China West Air,,CHB,storage/images/airlines/CHB.png
PR,Philippine Airlines,,PAL,storage/images/airlines/PAL.png
PRS,Pars Air,هواپیمایی پارس,PRS,storage/images/airlines/PRS.png
PS,Ukraine International,,AUI,storage/images/airlines/AUI.png
PU,PLUNA,,PUA,storage/images/airlines/PUA.png
PV,St Barth Commuter,,PNR,storage/images/airlines/PNR.png
PW,Precision Air,,PRF,storage/images/airlines/PRF.png
PX,Air Niugini,,ANG,storage/images/airlines/ANG.png
PY,Surinam Airways,,SLM,storage/images/airlines/SLM.png
PYA,Pouya Air,هواپیمایی پویا,PYA,storage/images/airlines/PYA.png
PZ,Latam Airlines Paraguay,,LAP,storage/images/airlines/LAP.png
Q5,40-Mile Air,,MLA,storage/images/airlines/MLA.png
Q6,Aero Condor Peru,,CDP,storage/images/airlines/CDP.png
Q8,Pacific East Asia Cargo Airlines,,PEC,storage/images/airlines/PEC.png
Q9,Green Africa Airways,,NAK,storage/images/airlines/NAK.png
QE,Crossair Europe,,ECC,storage/images/airlines/ECC.png
QF,Qantas,,QFA,storage/images/airlines/QFA.png
QH,Bamboo Airways,,LYN,storage/images/airlines/LYN.png
QI,Cimber Sterling,,CIM,storage/images/airlines/CIM.png
QK,Air Canada Jazz,,JZA,storage/images/airlines/JZA.png
QM,Air Malawi,,AML,storage/images/airlines/AML.png
QO,Aeromexpress,,OGN,storage/images/airlines/OGN.png
QQ,Alliance Airlines,,ROA,storage/images/airlines/ROA.png
QR,Qatar Airways,,QTR,storage/images/airlines/QTR.png
QS,Smartwings,,TVS,storage/images/airlines/TVS.png
QT,TAMPA,,TPA,storage/images/airlines/TPA.png
QV,Lao Airlines,,LAO,storage/images/airlines/LAO.png
QX,Horizon Air,,QXE,storage/images/airlines/QXE.png
QZ,PT Indonesia AirAsia,,AWQ,storage/images/airlines/AWQ.png
R2,Orenburg Airlines,,ORB,storage/images/airlines/ORB.png
R3,Aircompany Yakutia,,SYL,storage/images/airlines/SYL.png
R5,Jordan Aviation,,MAC,storage/images/airlines/MAC.png
R7,Aserca Airlines,,OCA,storage/images/airlines/OCA.png
RA,Nepal Airlines,,RNA,storage/images/airlines/RNA.png
RB,Syrian Arab Airlines,,SYR,storage/images/airlines/SYR.png
RC,Atlantic Airways,,FLI,storage/images/airlines/FLI.png
RD,Ryan International Airlines,,RYN,storage/images/airlines/RYN.png
RE,Stobart Air,,REA,storage/images/airlines/REA.png
RF,Florida West International Airways,,FWL,storage/images/airlines/FWL.png
RH,Republic Express Airlines,,RPH,storage/images/airlines/RPH.png
RI,Mandala Airlines,,MDL,storage/images/airlines/MDL.png
RJ,Royal Jordanian,,RJA,storage/images/airlines/RJA.png
RO,Tarom,,ROT,storage/images/airlines/ROT.png
RP,Chautauqua Airlines,,CHQ,storage/images/airlines/CHQ.png
RQ,Kam Air,,KMF,storage/images/airlines/KMF.png
RS,Air Seoul,,SKV,storage/images/airlines/SKV.png
RV,Air Canada Rouge,هواپیمایی کاسپین,CPN,storage/images/airlines/CPN.png
RW,Republic Airlines,,RPA,storage/images/airlines/RPA.png
RY,Jiangxi Air,,RAY,storage/images/airlines/RAY.png
S0,Slok Air Gambia,,SAL,storage/images/airlines/SAL.png
S3,Santa Barbara Airlines,,BBR,storage/images/airlines/BBR.png
S4,SATA International,,RZO,storage/images/airlines/RZO.png
S7,Siberia,,SBI,storage/images/airlines/SBI.png
SA,South African Airways,,SAA,storage/images/airlines/SAA.png
SB,Air Caledonie International,,ACI,storage/images/airlines/ACI.png
SBT,Taftan Air,,SBT,storage/images/airlines/SBT.png
SC,Shandong Airlines,,CDG,storage/images/airlines/CDG.png
SD,Sudan Airways,,SUD,storage/images/airlines/SUD.png
SE,XL Airways France,,SEU,storage/images/airlines/SEU.png
SG,Spicejet,,SEJ,storage/images/airlines/SEJ.png
SH,Fly Me Sweden,,SHA,storage/images/airlines/SHA.png
SHI,Sepehran,هواپیمایی سپهران,SHI,storage/images/airlines/SHI.png
SJ,Sriwijaya Air,,SJY,storage/images/airlines/SJY.png
SJT,Asa Jet Airlines,هواپیمایی آسا جت,SJT,storage/images/airlines/SJT.png
SK,Scandinavian Airlines,,SAS,storage/images/airlines/SAS.png
SN,Brussels Airlines,,DAT,storage/images/airlines/DAT.png
SP,SATA Air Acores,,SAT,storage/images/airlines/SAT.png
SQ,Singapore Airlines,,SQC,storage/images/airlines/SQC.png
SR,Sundair,,SWR,storage/images/airlines/SWR.png
SS,Corsairfly,,CRL,storage/images/airlines/CRL.png
ST,Germania,,GMI,storage/images/airlines/GMI.png
SU,Aeroflot Airlines,,AFL,storage/images/airlines/AFL.png
SV,Saudia,,SVA,storage/images/airlines/SVA.png
SW,Air Namibia,,NMB,storage/images/airlines/NMB.png
SY,Sun Country Airlines,,SCX,storage/images/airlines/SCX.png
T3,Eastern Airways,,EZE,storage/images/airlines/EZE.png
T5,Turkmenistan Airlines,,TUA,storage/images/airlines/TUA.png
T7,Twin Jet,,TJT,storage/images/airlines/TJT.png
TA,Taca International Airline,,TAT,storage/images/airlines/TAT.png
TB,Jetairfly,هواپیمایی آتا,TBZ,storage/images/airlines/TBZ.png
TC,Air Tanzania,,ATC,storage/images/airlines/ATC.png
TD,Atlantis European Airways,,TLP,storage/images/airlines/TLP.png
TE,Sky Taxi,,LIL,storage/images/airlines/LIL.png
TF,Braathens Regional Aviation,,SCW,storage/images/airlines/SCW.png
TG,Thai Airways International,,THA,storage/images/airlines/THA.png
TH,Transmile Air Services,,THS,storage/images/airlines/THS.png
TJ,Tradewind Aviation,,TJA,storage/images/airlines/TJA.png
TK,Turkish Airlines,,THY,storage/images/airlines/THY.png
TL,Airnorth,,TMA,storage/images/airlines/TMA.png
TN,Air Tahiti Nui,,THT,storage/images/airlines/THT.png
TO,Transavia France,,TVF,storage/images/airlines/TVF.png
TP,TAP Portugal,,TAP,storage/images/airlines/TAP.png
TR,Scoot/TigerAir Singapore,,TGW,storage/images/airlines/TGW.png
TS,Air Transat,,TSC,storage/images/airlines/TSC.png
TT,Tiger Airways Australia,,TGW,storage/images/airlines/TGW.png
TU,Tunisair,,TAR,storage/images/airlines/TAR.png
TUL,Tulpar Air,,TUL,storage/images/airlines/TUL.png
TV,Virgin Express,,VEX,storage/images/airlines/VEX.png
TW,TWAY AIR,,TWB,storage/images/airlines/TWB.png
TX,Air Caraibes,,FWI,storage/images/airlines/FWI.png
TY,Air Caledonie,,IWD,storage/images/airlines/IWD.png
TZ,Scoot,,SCO,storage/images/airlines/SCO.png
U3,Avies,,AIA,storage/images/airlines/AIA.png
U4,PMTair,,PMT,storage/images/airlines/PMT.png
U5,USA3000 Airlines,,GWY,storage/images/airlines/GWY.png
U6,Ural Airlines,,SVR,storage/images/airlines/SVR.png
U7,Air Uganda,,JUS,storage/images/airlines/JUS.png
U8,Armavia,,RNV,storage/images/airlines/RNV.png
UA,United Airlines,,UAL,storage/images/airlines/UAL.png
UB,Myanmar National Airlines,,UBA,storage/images/airlines/UBA.png
UD,Hex'Air,,HER,storage/images/airlines/HER.png
UF,UM Airlines,,UKM,storage/images/airlines/UKM.png
UG,Tunisair Express,,TUI,storage/images/airlines/TUI.png
UI,Super Air Jet,,ECA,storage/images/airlines/ECA.png
UJ,Almasria Universal Airlines,,LMU,storage/images/airlines/LMU.png
UK,Vistara,,VTI,storage/images/airlines/VTI.png
UL,SriLankan Airlines,,ALK,storage/images/airlines/ALK.png
UM,Air Zimbabwe,,AZW,storage/images/airlines/AZW.png
UN,Transaero Airlines,,TSO,storage/images/airlines/TSO.png
UO,Hong Kong Express Airways,,HKE,storage/images/airlines/HKE.png
UP,Bahamasair,,BHS,storage/images/airlines/BHS.png
US,US Airways,,USA,storage/images/airlines/USA.png
UT,UTair Aviation,,UTA,storage/images/airlines/UTA.png
UU,Air Austral,,REU,storage/images/airlines/REU.png
UX,Air Europa,,AEA,storage/images/airlines/AEA.png
UZ,El-Buraq Air Transport,,BRQ,storage/images/airlines/BRQ.png
V0,Conviasa,,VCV,storage/images/airlines/VCV.png
V2,Vision Airlines,,RBY,storage/images/airlines/RBY.png
V3,Carpatair,,KRP,storage/images/airlines/KRP.png
V7,Volotea,,VOE,storage/images/airlines/VOE.png
V8,Iliamna Air,,VAS,storage/images/airlines/VAS.png
VA,Virgin Australia,,VOZ,storage/images/airlines/VOZ.png
VD,Hennan Airlines,,BBB,storage/images/airlines/BBB.png
VF,Valuair,,VLU,storage/images/airlines/VLU.png
VG,VLM Airlines,,VLM,storage/images/airlines/VLM.png
VI,Volga-Dnepr Airlines,,VDA,storage/images/airlines/VDA.png
VJ,Vietjet Aviation,,RAC,storage/images/airlines/RAC.png
VL,Air VIA,,VIM,storage/images/airlines/VIM.png
VM,Max Air Limited,,VOA,storage/images/airlines/VOA.png
VN,Vietnam Airlines,,HVN,storage/images/airlines/HVN.png
VO,Tyrolean Airways,,TYR,storage/images/airlines/TYR.png
VQ,Novoair,,VKH,storage/images/airlines/VKH.png
VR,Transportes Aereos de Cabo Verde,,TCV,storage/images/airlines/TCV.png
VRH,Varesh,هواپیمایی وارش,VRH,storage/images/airlines/VRH.png
VS,Virgin Atlantic Airways,,VIR,storage/images/airlines/VIR.png
VT,Air Tahiti,,VTA,storage/images/airlines/VTA.png
VU,Air Ivoire,,VUN,storage/images/airlines/VUN.png
VV,Aerosvit Airlines,,AEW,storage/images/airlines/AEW.png
VW,Aeromar,,TAO,storage/images/airlines/TAO.png
VX,Virgin America,,VRD,storage/images/airlines/VRD.png
VY,Vueling Airlines,,VLG,storage/images/airlines/VLG.png
VZ,Thai Vietjat Air,,MYT,storage/images/airlines/MYT.png
W5,Mahan Air,هواپیمایی ماهان,IRM,storage/images/airlines/IRM.png
W6,Wizz Air,,WZZ,storage/images/airlines/WZZ.png
W8,Cargojet Airways,,CJT,storage/images/airlines/CJT.png
W9,Wizz Air UK,,SGR,storage/images/airlines/SGR.png
WA,KLM Cityhopper,,WAL,storage/images/airlines/WAL.png
WB,Rwandair Express,,RWD,storage/images/airlines/RWD.png
WC,Islena De Inversiones,,ISV,storage/images/airlines/ISV.png
WD,Amsterdam Airlines,,AAN,storage/images/airlines/AAN.png
WF,Widerøe,,WIF,storage/images/airlines/WIF.png
WJ,Labrador Airways,,WEB,storage/images/airlines/WEB.png
WK,Edelweiss Air,,EDW,storage/images/airlines/EDW.png
WN,Southwest Airlines,,SWA,storage/images/airlines/SWA.png
WO,Swoop Inc,,WOA,storage/images/airlines/WOA.png
WP,Island Air,,MKU,storage/images/airlines/MKU.png
WR,WestJet Encore,,WEN,storage/images/airlines/WEN.png
WS,WestJet,,WJA,storage/images/airlines/WJA.png
WV,Swe Fly,,SWV,storage/images/airlines/SWV.png
WW,WOW Air,,BMI,storage/images/airlines/BMI.png
WX,CityJet,,BCY,storage/images/airlines/BCY.png
WY,Oman Air,,OMA,storage/images/airlines/OMA.png
WZ,Red Wings Airline,,RWZ,storage/images/airlines/RWZ.png
XE,JetSuite Air,,BTA,storage/images/airlines/BTA.png
XF,Vladivostok Air,,VLK,storage/images/airlines/VLK.png
XJ,Thai AirAsia,,MES,storage/images/airlines/MES.png
XK,Corse Méditerranée,,CCM,storage/images/airlines/CCM.png
XL,Latam Airlines Ecuador,,LNE,storage/images/airlines/LNE.png
XM,J-Air,,SMX,storage/images/airlines/SMX.png
XQ,SunExpress,,SXS,storage/images/airlines/SXS.png
XS,SITA,,TXP,storage/images/airlines/TXP.png
XT,PT Indonesia Airasia Extra,,AXL,storage/images/airlines/AXL.png
XW,Nokscoot Airlines,,SXR,storage/images/airlines/SXR.png
XY,Flynas,,KNE,storage/images/airlines/KNE.png
Y4,Volaris,,VOI,storage/images/airlines/VOI.png
Y5,Golden Myanmar Airlines,,AWA,storage/images/airlines/AWA.png
YE,Yan Air,,YEL,storage/images/airlines/YEL.png
YL,Yamal Airlines,,LLM,storage/images/airlines/LLM.png
YM,Montenegro Airlines,,MGX,storage/images/airlines/MGX.png
YS,Régional Compagnie Aérienne Européenne,,RAE,storage/images/airlines/RAE.png
YV,Mesa Airlines,,ASH,storage/images/airlines/ASH.png
YW,Air Nostrum,,ANE,storage/images/airlines/ANE.png
YX,Midwest Airlines,,MEP,storage/images/airlines/MEP.png
Z3,Avient Aviation,,SMJ,storage/images/airlines/SMJ.png
Z8,Línea Aérea Amaszonas,,AZN,storage/images/airlines/AZN.png
ZA,Sky Angkor Airlines,,SUW,storage/images/airlines/SUW.png
ZB,Air Albania,,MON,storage/images/airlines/MON.png
ZE,Eastar Jet,,ESR,storage/images/airlines/ESR.png
ZH,Shenzhen Airlines,,CSZ,storage/images/airlines/CSZ.png
ZI,Aigle Azur,,AAF,storage/images/airlines/AAF.png
ZK,Great Lakes Airlines,,GLA,storage/images/airlines/GLA.png
ZL,Regional Express,,RXA,storage/images/airlines/RXA.png
ZS,Kazaviaspas,,SMY,storage/images/airlines/SMY.png
ZV,Zagros,هواپیمایی زاگرس,IZG,storage/images/airlines/IZG.png
ZW,Air Wisconsin,,AWI,storage/images/airlines/AWI.png
ZY,Sky Airlines,,ADE,storage/images/airlines/ADE.png